"sample_id","review_id","true_image_usability","pred_image_usability","prob_image_usability__acceptable","prob_image_usability__limited","prob_image_usability__unacceptable","true_structure_visibility","pred_structure_visibility","prob_structure_visibility__adequate","prob_structure_visibility__partial","prob_structure_visibility__absent","prob_structure_visibility__uncertain","true_keyframe_status","pred_keyframe_status","prob_keyframe_status__yes","prob_keyframe_status__candidate","prob_keyframe_status__no","true_primary_defect","pred_primary_defect","prob_primary_defect__none","prob_primary_defect__severe_artifact","prob_primary_defect__thyroid_not_visible","prob_primary_defect__target_incomplete","true_recommended_action","pred_recommended_action","prob_recommended_action__hold","prob_recommended_action__repeat_acquisition","prob_recommended_action__reacquire_target","prob_recommended_action__adjust_angle_and_rescan"
"TEST_0001","TEST_0001","acceptable","acceptable","0.866366446018219","0.13351447880268097","0.00011911016190424562","adequate","adequate","0.9183136820793152","0.0765957161784172","0.004973577801138163","0.00011698122398229316","yes","yes","0.9212743043899536","0.07693684846162796","0.0017888046568259597","none","none","0.9250820279121399","1.5987539882189594e-05","0.0073138945735991","0.06758811324834824","hold","hold","0.9093486070632935","1.588387749507092e-05","0.008126385509967804","0.08250908553600311"
"TEST_0002","TEST_0002","acceptable","acceptable","0.8230361342430115","0.17682723701000214","0.0001366950455121696","adequate","adequate","0.8840386867523193","0.1094575822353363","0.006357976701110601","0.00014567634207196534","yes","yes","0.8867124915122986","0.11105272173881531","0.002234756015241146","none","none","0.893796980381012","2.0514182324404828e-05","0.008940049447119236","0.09724242985248566","hold","hold","0.8738563060760498","2.0159315681667067e-05","0.009711944498121738","0.11641161143779755"
"TEST_0003","TEST_0003","acceptable","acceptable","0.8869596719741821","0.1129065752029419","0.0001337595604127273","adequate","adequate","0.943608283996582","0.0531364269554615","0.003148723626509309","0.00010647799354046583","yes","yes","0.9468591809272766","0.05188516154885292","0.0012556381989270449","none","none","0.9475467801094055","1.3668784959008917e-05","0.005189219489693642","0.04725029692053795","hold","hold","0.9365140199661255","1.4471304893959314e-05","0.005719318520277739","0.057752251625061035"
"TEST_0004","TEST_0004","acceptable","acceptable","0.829851508140564","0.1700260192155838","0.0001224458683282137","adequate","adequate","0.8672041296958923","0.1232108324766159","0.009428005665540695","0.00015694233297836035","yes","yes","0.8719018697738647","0.12471851706504822","0.0033795537892729044","none","none","0.8750336170196533","2.555075116106309e-05","0.012846127152442932","0.11209464818239212","hold","hold","0.8513169288635254","2.3232372768688947e-05","0.013529797084629536","0.13513004779815674"
"TEST_0005","TEST_0005","acceptable","acceptable","0.8840877413749695","0.11577782779932022","0.00013447854144033045","adequate","adequate","0.9400996565818787","0.05639137700200081","0.003398829372599721","0.0001101387751987204","yes","yes","0.9431633353233337","0.05548642575740814","0.001350205740891397","none","none","0.9438092708587646","1.4359557098941877e-05","0.005499171558767557","0.05067712441086769","hold","hold","0.9324799180030823","1.5107541912584566e-05","0.006041867192834616","0.06146308407187462"
"TEST_0006","TEST_0006","acceptable","acceptable","0.7613196969032288","0.2385292798280716","0.00015101107419468462","adequate","adequate","0.8346561193466187","0.15559937059879303","0.009557313285768032","0.00018715181795414537","yes","yes","0.8403098583221436","0.1563381552696228","0.0033519319258630276","none","none","0.8446370959281921","2.9065095077385195e-05","0.012386421672999859","0.14294742047786713","hold","hold","0.819051206111908","2.599524123070296e-05","0.012881485745310783","0.16804136335849762"
"TEST_0007","TEST_0007","acceptable","acceptable","0.896186351776123","0.1036820262670517","0.00013161770766600966","adequate","adequate","0.947597861289978","0.04926656186580658","0.0030316663905978203","0.00010393558477517217","yes","yes","0.9509821534156799","0.0477934367954731","0.0012243951205164194","none","none","0.9515897631645203","1.330806753685465e-05","0.005032327491790056","0.043364644050598145","hold","hold","0.9409077167510986","1.4359275155584328e-05","0.005590500310063362","0.05348743498325348"
"TEST_0008","TEST_0008","acceptable","acceptable","0.886146068572998","0.11373830586671829","0.00011556705430848524","adequate","adequate","0.931721568107605","0.06371686607599258","0.004452820867300034","0.00010875675798160955","yes","yes","0.9348793625831604","0.06346682459115982","0.0016538134077563882","none","none","0.9370490908622742","1.5006358808022924e-05","0.006778371054679155","0.05615745857357979","hold","hold","0.9224874377250671","1.5186336895567365e-05","0.007592481095343828","0.0699048563838005"
"TEST_0009","TEST_0009","acceptable","acceptable","0.6343328356742859","0.3655252456665039","0.0001418323372490704","adequate","adequate","0.5581190586090088","0.3862614929676056","0.05521668121218681","0.0004027146496810019","yes","yes","0.5902309417724609","0.3864639699459076","0.023305142298340797","none","none","0.5685940384864807","9.720731031848118e-05","0.06474682688713074","0.3665619492530823","hold","hold","0.5431808233261108","6.557687447639182e-05","0.05498850345611572","0.4017650783061981"
"TEST_0010","TEST_0010","acceptable","limited","0.3663155138492584","0.6334357857704163","0.000248677097260952","adequate","partial","0.3929904103279114","0.5746077299118042","0.031807489693164825","0.0005943700089119375","yes","candidate","0.405301034450531","0.5810403823852539","0.01365860179066658","none","target_incomplete","0.413482666015625","0.0001223053695866838","0.03690555319190025","0.5494894981384277","hold","adjust_angle_and_rescan","0.36607715487480164","9.552590927341953e-05","0.030209533870220184","0.6036177277565002"
"TEST_0011","TEST_0011","acceptable","acceptable","0.8770385384559631","0.12282886356115341","0.00013252563076093793","adequate","adequate","0.9351034164428711","0.06110164150595665","0.0036826450377702713","0.00011236445425311103","yes","yes","0.9380540251731873","0.06051374599337578","0.0014322164934128523","none","none","0.9390726089477539","1.4824201571173035e-05","0.005839752033352852","0.05507276952266693","hold","hold","0.9267033934593201","1.5294081094907597e-05","0.0064188167452812195","0.06686250865459442"
"TEST_0012","TEST_0012","limited","limited","0.15575309097766876","0.8438126444816589","0.0004343299369793385","partial","partial","0.13492992520332336","0.8266251683235168","0.037114355713129044","0.0013304606545716524","candidate","candidate","0.13254888355731964","0.8481281399726868","0.019323041662573814","target_incomplete","target_incomplete","0.1466250717639923","0.00030974249239079654","0.04595915973186493","0.8071060180664062","adjust_angle_and_rescan","adjust_angle_and_rescan","0.12311148643493652","0.0002351662260480225","0.03511974215507507","0.8415336608886719"
"TEST_0013","TEST_0013","unacceptable","unacceptable","0.00450548529624939","0.004284729715436697","0.9912097454071045","absent","absent","6.57228592899628e-05","0.005061362404376268","0.813016951084137","0.18185603618621826","no","no","2.7401274564908817e-05","0.001882093260064721","0.9980905652046204","severe_artifact","severe_artifact","1.2292434803384822e-05","0.9854260683059692","0.013043791987001896","0.0015178974717855453","repeat_acquisition","repeat_acquisition","1.6738656995585188e-05","0.9807440638542175","0.017307577654719353","0.0019316875841468573"
"TEST_0014","TEST_0014","unacceptable","unacceptable","0.00489075668156147","0.004518802277743816","0.9905904531478882","absent","absent","6.196567846927792e-05","0.004935333970934153","0.8292763829231262","0.16572628915309906","no","no","2.614752884255722e-05","0.001857513445429504","0.9981163740158081","severe_artifact","severe_artifact","1.2372071978461463e-05","0.9841979146003723","0.014213765040040016","0.0015758626395836473","repeat_acquisition","repeat_acquisition","1.6873134882189333e-05","0.9792155623435974","0.018743831664323807","0.002023635432124138"
"TEST_0015","TEST_0015","unacceptable","unacceptable","0.004466122481971979","0.004257861990481615","0.9912760257720947","absent","absent","6.652390584349632e-05","0.0050844415090978146","0.8106663823127747","0.18418271839618683","no","no","2.7694941309164278e-05","0.0018872456857934594","0.9980850219726562","severe_artifact","severe_artifact","1.2338296073721722e-05","0.9855742454528809","0.012900720350444317","0.0015126245561987162","repeat_acquisition","repeat_acquisition","1.6779951693024486e-05","0.9809457063674927","0.017116529867053032","0.0019210351165384054"
"TEST_0016","TEST_0016","unacceptable","unacceptable","0.004675867035984993","0.00439069839194417","0.9909334182739258","absent","absent","6.384394509950653e-05","0.005001405254006386","0.8207347393035889","0.17419995367527008","no","no","2.675737050594762e-05","0.0018700544023886323","0.998103141784668","severe_artifact","severe_artifact","1.2306883945711888e-05","0.9848743081092834","0.013569558039307594","0.0015437941765412688","repeat_acquisition","repeat_acquisition","1.67764192156028e-05","0.9800472855567932","0.01796247810125351","0.001973526319488883"
"TEST_0017","TEST_0017","unacceptable","unacceptable","0.0035608531907200813","0.0036345787812024355","0.9928045868873596","absent","absent","8.035002247197554e-05","0.005431600380688906","0.7546934485435486","0.23979458212852478","no","no","3.282635589130223e-05","0.0019612282048910856","0.9980059266090393","severe_artifact","severe_artifact","1.2385635272949003e-05","0.9884872436523438","0.01014941930770874","0.0013509979471564293","repeat_acquisition","repeat_acquisition","1.6649579265504144e-05","0.9848604798316956","0.013464301824569702","0.0016585398698225617"
"TEST_0018","TEST_0018","unacceptable","unacceptable","0.0034638165961951017","0.003553260350599885","0.9929828643798828","absent","absent","8.258675370598212e-05","0.005467985291033983","0.7466886639595032","0.2477608025074005","no","no","3.371968705323525e-05","0.0019676380325108767","0.9979986548423767","severe_artifact","severe_artifact","1.2442689694580622e-05","0.9888163805007935","0.00984210055321455","0.0013290517963469028","repeat_acquisition","repeat_acquisition","1.66573536262149e-05","0.9853512048721313","0.013010797090828419","0.0016213785856962204"
"TEST_0019","TEST_0019","unacceptable","unacceptable","0.004779392387717962","0.004455006215721369","0.9907655715942383","absent","absent","6.257370114326477e-05","0.0049602012149989605","0.8253894448280334","0.16958773136138916","no","no","2.6318763048038818e-05","0.0018616162706166506","0.9981120824813843","severe_artifact","severe_artifact","1.2284337572054937e-05","0.9845214486122131","0.013907858170568943","0.0015584842767566442","repeat_acquisition","repeat_acquisition","1.677139698585961e-05","0.9795969724655151","0.018387580290436745","0.0019987805280834436"
"TEST_0020","TEST_0020","unacceptable","unacceptable","0.0038486220873892307","0.003841215278953314","0.9923101663589478","absent","absent","7.55106593715027e-05","0.005325032863765955","0.7751011252403259","0.21949830651283264","no","no","3.096834916505031e-05","0.0019377799471840262","0.9980313181877136","severe_artifact","severe_artifact","1.238986624230165e-05","0.9875779747962952","0.011002355255186558","0.0014071816112846136","repeat_acquisition","repeat_acquisition","1.6719279301469214e-05","0.9836133718490601","0.014621800743043423","0.0017481005052104592"
"TEST_0021","TEST_0021","unacceptable","unacceptable","8.326528040925041e-05","0.0001689620694378391","0.9997476935386658","uncertain","uncertain","8.885457646101713e-05","0.00043826611363328993","0.0034809464123100042","0.9959920048713684","no","no","0.0014524862635880709","0.003334765788167715","0.9952126741409302","severe_artifact","severe_artifact","1.545109807921108e-05","0.9996308088302612","0.0002478724345564842","0.00010581711831036955","repeat_acquisition","repeat_acquisition","1.2076301572960801e-05","0.9997853636741638","0.00014641194138675928","5.60900334676262e-05"
"TEST_0022","TEST_0022","unacceptable","unacceptable","8.350729331141338e-05","0.00016929405683185905","0.999747097492218","uncertain","uncertain","8.898928354028612e-05","0.00043946332880295813","0.0034963435027748346","0.9959753155708313","no","no","0.001449445029720664","0.003333450062200427","0.9952172040939331","severe_artifact","severe_artifact","1.5458319467143156e-05","0.9996298551559448","0.0002485816949047148","0.0001060356225934811","repeat_acquisition","repeat_acquisition","1.2083991350664292e-05","0.9997848868370056","0.00014683639165014029","5.620444062515162e-05"
"TEST_0023","TEST_0023","unacceptable","unacceptable","8.33305821288377e-05","0.0001690398930804804","0.9997476935386658","uncertain","uncertain","8.889038872439414e-05","0.0004386087821330875","0.003485744819045067","0.9959867596626282","no","no","0.001451411284506321","0.00333373318426311","0.9952148199081421","severe_artifact","severe_artifact","1.5450461432919838e-05","0.9996306896209717","0.0002480535476934165","0.00010586030839476734","repeat_acquisition","repeat_acquisition","1.2076415259798523e-05","0.9997852444648743","0.0001465240929974243","5.611442611552775e-05"
"TEST_0024","TEST_0024","unacceptable","unacceptable","8.310838893521577e-05","0.00016877066809684038","0.999748170375824","uncertain","uncertain","8.879995584720746e-05","0.0004373901756480336","0.0034673961345106363","0.996006429195404","no","no","0.0014563107397407293","0.0033377944491803646","0.9952059388160706","severe_artifact","severe_artifact","1.5461986549780704e-05","0.999631404876709","0.00024737880448810756","0.00010571561142569408","repeat_acquisition","repeat_acquisition","1.2082101420674007e-05","0.999785840511322","0.00014611224469263107","5.602906094281934e-05"
"TEST_0025","TEST_0025","acceptable","acceptable","0.9834721088409424","0.014682017266750336","0.0018459148705005646","absent","absent","0.0008448097505606711","0.003570787375792861","0.9953845143318176","0.00019980907381977886","no","no","0.0019300611456856132","0.008329073898494244","0.9897408485412598","thyroid_not_visible","thyroid_not_visible","0.0007333985413424671","0.0017700707539916039","0.9924439787864685","0.005052587017416954","reacquire_target","reacquire_target","0.0010118010686710477","0.002037032740190625","0.9909672141075134","0.005983964540064335"
"TEST_0026","TEST_0026","limited","limited","0.27715224027633667","0.7225227952003479","0.00032500550150871277","partial","partial","0.19191065430641174","0.7474536299705505","0.059519339352846146","0.0011163998860865831","candidate","candidate","0.1897897869348526","0.7839570045471191","0.02625320851802826","target_incomplete","target_incomplete","0.21278336644172668","0.0002429277665214613","0.07057681679725647","0.7163968682289124","adjust_angle_and_rescan","adjust_angle_and_rescan","0.20077534019947052","0.00019110973516944796","0.061635274440050125","0.7373982667922974"
"TEST_0027","TEST_0027","acceptable","acceptable","0.9824704527854919","0.015556246973574162","0.001973210833966732","absent","absent","0.0008260155445896089","0.003694867482408881","0.9952685236930847","0.00021061756706330925","no","no","0.0018487190827727318","0.008441292680799961","0.9897100329399109","thyroid_not_visible","thyroid_not_visible","0.0007129121804609895","0.0018463234882801771","0.9922657608985901","0.005174925550818443","reacquire_target","reacquire_target","0.000982736935839057","0.0021546874195337296","0.9906851649284363","0.006177431903779507"
"TEST_0028","TEST_0028","acceptable","acceptable","0.9847496747970581","0.013389913365244865","0.0018604674842208624","absent","absent","0.0008145907777361572","0.00314755248837173","0.9958503246307373","0.00018749420996755362","no","no","0.001915046595968306","0.007562766782939434","0.9905222058296204","thyroid_not_visible","thyroid_not_visible","0.0007588183507323265","0.001843875041231513","0.9926164746284485","0.00478082150220871","reacquire_target","reacquire_target","0.001007228041999042","0.0020206072367727757","0.9915571212768555","0.005415052641183138"
"TEST_0029","TEST_0029","limited","limited","0.29167473316192627","0.7045413851737976","0.003783849533647299","partial","partial","0.1008344292640686","0.730324387550354","0.15986473858356476","0.008976506069302559","candidate","candidate","0.12340106815099716","0.709166944026947","0.16743198037147522","target_incomplete","target_incomplete","0.11051945388317108","0.0036845416761934757","0.1546059250831604","0.7311900854110718","adjust_angle_and_rescan","adjust_angle_and_rescan","0.1206820085644722","0.0035071461461484432","0.15299251675605774","0.7228183746337891"
"TEST_0030","TEST_0030","limited","limited","0.15403643250465393","0.8442608714103699","0.0017027283320203424","partial","partial","0.08113231509923935","0.8479878902435303","0.06639869511127472","0.004481106996536255","candidate","candidate","0.08023957908153534","0.8671161532402039","0.05264433100819588","target_incomplete","target_incomplete","0.08679740130901337","0.0013760062865912914","0.07294855266809464","0.8388779759407043","adjust_angle_and_rescan","adjust_angle_and_rescan","0.08338969200849533","0.0011605191975831985","0.06313404440879822","0.8523157835006714"
"TEST_0031","TEST_0031","limited","limited","0.4314505457878113","0.5683503746986389","0.00019907440582755953","partial","partial","0.2750241458415985","0.651888370513916","0.0724022388458252","0.0006851712823845446","candidate","candidate","0.28981637954711914","0.6857328414916992","0.024450764060020447","target_incomplete","target_incomplete","0.31736335158348083","0.00014812458539381623","0.08653983473777771","0.5959486961364746","adjust_angle_and_rescan","adjust_angle_and_rescan","0.32704976201057434","0.00011379348143236712","0.08105295896530151","0.5917835235595703"
"TEST_0032","TEST_0032","limited","limited","0.27858874201774597","0.7211102843284607","0.00030097534181550145","partial","partial","0.2816349267959595","0.6851711869239807","0.03240295872092247","0.0007908737752586603","candidate","candidate","0.2892473638057709","0.6967872977256775","0.013965379446744919","target_incomplete","target_incomplete","0.3106726109981537","0.00016412974218837917","0.03827836737036705","0.6508849263191223","adjust_angle_and_rescan","adjust_angle_and_rescan","0.27226775884628296","0.00012523832265287638","0.03224644437432289","0.695360541343689"
"TEST_0033","TEST_0033","acceptable","acceptable","0.9811730980873108","0.016770362854003906","0.002056599361822009","absent","absent","0.0008483938872814178","0.004000501241534948","0.9949249029159546","0.0002262367052026093","no","no","0.001851665205322206","0.008915162645280361","0.989233136177063","thyroid_not_visible","thyroid_not_visible","0.0007145576528273523","0.001894625835120678","0.9918792843818665","0.005511483643203974","reacquire_target","reacquire_target","0.0009975986322388053","0.002244402654469013","0.9901280999183655","0.006629893556237221"
"TEST_0034","TEST_0034","acceptable","acceptable","0.9851539731025696","0.012991264462471008","0.0018547780346125364","absent","absent","0.000811534991953522","0.0030390757601708174","0.9959653615951538","0.00018408392497804016","no","no","0.0019255608785897493","0.007385066710412502","0.9906892776489258","thyroid_not_visible","thyroid_not_visible","0.0007734399405308068","0.0018650543643161654","0.9926308393478394","0.0047307624481618404","reacquire_target","reacquire_target","0.0010149573208764195","0.0020108255557715893","0.9916989803314209","0.005275348667055368"
"TEST_0035","TEST_0035","acceptable","acceptable","0.9851986765861511","0.012928664684295654","0.0018726324196904898","absent","absent","0.0008153312373906374","0.003000593511387706","0.9959992170333862","0.00018491646915208548","no","no","0.0019331827061250806","0.007316347677260637","0.9907504916191101","thyroid_not_visible","thyroid_not_visible","0.0007885497761890292","0.0019076400203630328","0.9925209283828735","0.004782830365002155","reacquire_target","reacquire_target","0.0010267725447192788","0.0020273118279874325","0.991692841053009","0.005253090988844633"
"TEST_0036","TEST_0036","limited","limited","0.2542182505130768","0.7453470826148987","0.00043463887413963675","partial","partial","0.18812726438045502","0.7524026036262512","0.058072637766599655","0.0013974800240248442","candidate","candidate","0.19111229479312897","0.7790786623954773","0.02980908565223217","target_incomplete","target_incomplete","0.2041121870279312","0.0003257978241890669","0.06841665506362915","0.7271453142166138","adjust_angle_and_rescan","adjust_angle_and_rescan","0.18412722647190094","0.000252742029260844","0.05702926963567734","0.7585907578468323"
"TEST_0037","TEST_0037","acceptable","acceptable","0.9798752069473267","0.017869964241981506","0.0022547447588294744","absent","absent","0.0008854347979649901","0.004064112901687622","0.99480801820755","0.0002424983395030722","no","no","0.0019099952187389135","0.009046470746397972","0.9890434741973877","thyroid_not_visible","thyroid_not_visible","0.0007726829499006271","0.0021360500250011683","0.9910746216773987","0.006016639992594719","reacquire_target","reacquire_target","0.0010637424420565367","0.002434611553326249","0.989566445350647","0.006935212295502424"
"TEST_0038","TEST_0038","acceptable","acceptable","0.985275149345398","0.012854228727519512","0.0018705171532928944","absent","absent","0.000807512435130775","0.002990714041516185","0.99601811170578","0.0001837001327658072","no","no","0.001919153961353004","0.0072859409265220165","0.990794837474823","thyroid_not_visible","thyroid_not_visible","0.000779094872996211","0.0018918775022029877","0.9926139116287231","0.004715092945843935","reacquire_target","reacquire_target","0.0010148821165785193","0.0020222822204232216","0.9917512536048889","0.005211665760725737"
"TEST_0039","TEST_0039","limited","limited","0.44474539160728455","0.5550575256347656","0.00019709560729097575","partial","partial","0.40224671363830566","0.5581644773483276","0.03905818611383438","0.0005306418752297759","candidate","candidate","0.4056316316127777","0.5820021629333496","0.012366230599582195","target_incomplete","target_incomplete","0.4500526785850525","9.740197128849104e-05","0.04291807860136032","0.5069317817687988","adjust_angle_and_rescan","adjust_angle_and_rescan","0.4392399191856384","7.453889702446759e-05","0.04188201203942299","0.5188035368919373"
"TEST_0040","TEST_0040","acceptable","acceptable","0.9835010766983032","0.014619922265410423","0.001879073679447174","absent","absent","0.0008321016794070601","0.0035110970493406057","0.9954571723937988","0.0001996605860767886","no","no","0.0019024515058845282","0.008190215565264225","0.9899072647094727","thyroid_not_visible","thyroid_not_visible","0.000729839492123574","0.0017987133469432592","0.9924628734588623","0.005008582025766373","reacquire_target","reacquire_target","0.0010000711772590876","0.0020601514261215925","0.9910388588905334","0.005900954827666283"
"TEST_0041","TEST_0041","limited","limited","0.4041704833507538","0.5955801606178284","0.0002493468637112528","partial","partial","0.42734092473983765","0.5444333553314209","0.02767143025994301","0.0005542743601836264","candidate","candidate","0.4466955363750458","0.542830228805542","0.010474220849573612","target_incomplete","target_incomplete","0.4732397496700287","0.00010602412658045068","0.03142562136054039","0.4952286183834076","adjust_angle_and_rescan","adjust_angle_and_rescan","0.43189722299575806","8.271750994026661e-05","0.028933124616742134","0.5390869379043579"
"TEST_0042","TEST_0042","unacceptable","acceptable","0.8983318209648132","0.06093950569629669","0.04072871804237366","uncertain","absent","0.00028270011534914374","0.005854772869497538","0.992633044719696","0.0012294803746044636","no","no","0.0003600745985750109","0.006835766136646271","0.992804229259491","severe_artifact","thyroid_not_visible","0.00040571080171503127","0.023395201191306114","0.9652003049850464","0.010998801328241825","repeat_acquisition","reacquire_target","0.0005028009181842208","0.03310634568333626","0.9514939188957214","0.014896939508616924"
"TEST_0043","TEST_0043","acceptable","acceptable","0.9838885068893433","0.014258934184908867","0.0018526295898482203","absent","absent","0.0008322061039507389","0.0034290694165974855","0.9955431818962097","0.00019564082322176546","no","no","0.001918254536576569","0.00806710496544838","0.9900146722793579","thyroid_not_visible","thyroid_not_visible","0.0007366874488070607","0.0017896700883284211","0.9925346374511719","0.004939041566103697","reacquire_target","reacquire_target","0.0010044070659205317","0.0020310631953179836","0.9911862015724182","0.005778420250862837"
"TEST_0044","TEST_0044","acceptable","acceptable","0.9786518216133118","0.01907399110496044","0.002274160971865058","absent","absent","0.0008564903982914984","0.0044074407778680325","0.9944795370101929","0.0002564777678344399","no","no","0.001774193486198783","0.009348745457828045","0.9888771176338196","thyroid_not_visible","thyroid_not_visible","0.000714806723408401","0.0020344897639006376","0.9912432432174683","0.006007545627653599","reacquire_target","reacquire_target","0.0009933436522260308","0.0024438677355647087","0.989315390586853","0.007247341331094503"
"TEST_0045","TEST_0045","unacceptable","unacceptable","8.32153600640595e-05","0.00016890747065190226","0.9997479319572449","uncertain","uncertain","8.883446571417153e-05","0.0004380085738375783","0.003476804355159402","0.995996356010437","no","no","0.0014535918598994613","0.003335706889629364","0.9952107071876526","severe_artifact","severe_artifact","1.5453768355655484e-05","0.9996310472488403","0.0002477151283528656","0.00010578546061879024","repeat_acquisition","repeat_acquisition","1.20775830509956e-05","0.9997856020927429","0.00014632026432082057","5.6072614825097844e-05"
"TEST_0046","TEST_0046","unacceptable","unacceptable","8.365362009499222e-05","0.00016943873197305948","0.9997468590736389","uncertain","uncertain","8.897212683223188e-05","0.000440489558968693","0.003516274271532893","0.9959542751312256","no","no","0.001442227396182716","0.003326439531520009","0.9952313303947449","severe_artifact","severe_artifact","1.541681012895424e-05","0.9996293783187866","0.0002491388004273176","0.00010605478746583685","repeat_acquisition","repeat_acquisition","1.2057649655616842e-05","0.999784529209137","0.00014718192687723786","5.623942706733942e-05"
"TEST_0047","TEST_0047","limited","limited","0.24245402216911316","0.7572301030158997","0.00031585164833813906","partial","partial","0.234076127409935","0.731303334236145","0.03374442085623741","0.0008761202334426343","candidate","candidate","0.23379004001617432","0.7514850497245789","0.014724928885698318","target_incomplete","target_incomplete","0.25871676206588745","0.00018377762171439826","0.04029354825615883","0.7008059024810791","adjust_angle_and_rescan","adjust_angle_and_rescan","0.22705401480197906","0.0001405257935402915","0.03346633538603783","0.7393391728401184"
"TEST_0048","TEST_0048","unacceptable","limited","0.07255971431732178","0.925798773765564","0.0016415183199569583","uncertain","partial","0.03619047626852989","0.9050570130348206","0.05359357222914696","0.005158929619938135","no","candidate","0.028102874755859375","0.9355955719947815","0.03630153089761734","severe_artifact","target_incomplete","0.03531910106539726","0.0015016274992376566","0.06741350144147873","0.8957658410072327","repeat_acquisition","adjust_angle_and_rescan","0.03159743919968605","0.001204617670737207","0.053103141486644745","0.9140947461128235"
"TEST_0049","TEST_0049","limited","limited","0.20002609491348267","0.7996321320533752","0.00034179689828306437","partial","partial","0.16173776984214783","0.795741617679596","0.04147045686841011","0.0010502352379262447","candidate","candidate","0.16152323782444","0.8196475505828857","0.01882927492260933","target_incomplete","target_incomplete","0.1798747479915619","0.00023586797760799527","0.05048235505819321","0.7694069743156433","adjust_angle_and_rescan","adjust_angle_and_rescan","0.15947744250297546","0.0001820975012378767","0.041010499000549316","0.799329936504364"
"TEST_0050","TEST_0050","acceptable","limited","0.2807307243347168","0.7189875841140747","0.00028163986280560493","adequate","partial","0.22634126245975494","0.7252947092056274","0.04749323055148125","0.0008707159431651235","yes","candidate","0.2356233149766922","0.7439361810684204","0.020440516993403435","none","target_incomplete","0.2514928877353668","0.00018926894699689","0.057160764932632446","0.6911571025848389","hold","adjust_angle_and_rescan","0.23257163166999817","0.00014561017451342195","0.04781714826822281","0.7194656133651733"
"TEST_0051","TEST_0051","limited","limited","0.17429354786872864","0.8253089189529419","0.00039749755524098873","partial","partial","0.19052338600158691","0.781009316444397","0.027428222820162773","0.0010390372481197119","candidate","candidate","0.18939070403575897","0.7973397374153137","0.013269600458443165","target_incomplete","target_incomplete","0.2034115046262741","0.00022707066091243178","0.032729655504226685","0.7636317610740662","adjust_angle_and_rescan","adjust_angle_and_rescan","0.16619303822517395","0.00017710919200908393","0.02461092546582222","0.8090190291404724"
"TEST_0052","TEST_0052","acceptable","limited","0.32432621717453003","0.6753185391426086","0.0003552263369783759","adequate","partial","0.2699260413646698","0.6833899617195129","0.04571366310119629","0.0009703577379696071","yes","candidate","0.28636887669563293","0.692986011505127","0.0206451416015625","none","target_incomplete","0.3063639998435974","0.00021401906269602478","0.05140828713774681","0.6420137286186218","hold","adjust_angle_and_rescan","0.28532662987709045","0.0001656200474826619","0.04581413418054581","0.6686935424804688"
"TEST_0053","TEST_0053","acceptable","limited","0.24789611995220184","0.751789927482605","0.0003139851032756269","adequate","partial","0.22242148220539093","0.7385437488555908","0.03814065083861351","0.0008941566338762641","yes","candidate","0.22757509350776672","0.7558655738830566","0.016559354960918427","none","target_incomplete","0.2500477433204651","0.00019297385006211698","0.045212045311927795","0.7045471668243408","hold","adjust_angle_and_rescan","0.22165575623512268","0.00014831054431851953","0.03801139444112778","0.7401845455169678"
"TEST_0054","TEST_0054","limited","limited","0.06641089916229248","0.8511667847633362","0.08242231607437134","partial","partial","0.01105199009180069","0.7231212854385376","0.15645255148410797","0.10937419533729553","candidate","candidate","0.009846197441220284","0.6940860748291016","0.2960676848888397","target_incomplete","target_incomplete","0.01243015006184578","0.09685017913579941","0.15590213239192963","0.7348175644874573","adjust_angle_and_rescan","adjust_angle_and_rescan","0.013402358628809452","0.08463158458471298","0.14056600630283356","0.7613999843597412"
"TEST_0055","TEST_0055","acceptable","limited","0.30540725588798523","0.694288432598114","0.00030429824255406857","adequate","partial","0.3589772880077362","0.6178330779075623","0.022544195875525475","0.0006454283138737082","yes","candidate","0.36982640624046326","0.620727002620697","0.009446618147194386","none","target_incomplete","0.3865477740764618","0.00012747467553708702","0.026647761464118958","0.5866769552230835","hold","adjust_angle_and_rescan","0.3336693346500397","0.00010206738079432398","0.022296128794550896","0.6439324021339417"
"TEST_0056","TEST_0056","limited","limited","0.11271695047616959","0.886745035648346","0.0005379944341257215","partial","partial","0.11228010058403015","0.8581957817077637","0.0279864352196455","0.001537598087452352","candidate","candidate","0.10501863807439804","0.8793843388557434","0.015597057528793812","target_incomplete","target_incomplete","0.11867935210466385","0.0003682301612570882","0.0358036570250988","0.8451486825942993","adjust_angle_and_rescan","adjust_angle_and_rescan","0.09380444139242172","0.0002754943270701915","0.02522759884595871","0.8806924819946289"
"TEST_0057","TEST_0057","limited","limited","0.10877735167741776","0.8906883597373962","0.0005342988297343254","partial","partial","0.11336299031972885","0.8575460314750671","0.027586739510297775","0.0015042988816276193","candidate","candidate","0.10772824287414551","0.8769267797470093","0.01534496434032917","target_incomplete","target_incomplete","0.11825476586818695","0.0003597149043343961","0.03409169986844063","0.8472938537597656","adjust_angle_and_rescan","adjust_angle_and_rescan","0.09225041419267654","0.0002733221335802227","0.02332797273993492","0.8841482996940613"
"TEST_0058","TEST_0058","limited","limited","0.20744538307189941","0.7921928763389587","0.00036173491389490664","partial","partial","0.22680024802684784","0.7445714473724365","0.027696846053004265","0.0009314765920862556","candidate","candidate","0.23211799561977386","0.7544283866882324","0.013453591614961624","target_incomplete","target_incomplete","0.24550729990005493","0.00020255742128938437","0.0336606502532959","0.7206295132637024","adjust_angle_and_rescan","adjust_angle_and_rescan","0.20163539052009583","0.0001540782832307741","0.02590823359787464","0.7723022699356079"
"TEST_0059","TEST_0059","acceptable","limited","0.11302375793457031","0.8864006996154785","0.0005755448364652693","adequate","partial","0.09916311502456665","0.8649973273277283","0.03407825157046318","0.001761276158504188","yes","candidate","0.09159528464078903","0.8891028165817261","0.0193018801510334","none","target_incomplete","0.10430281609296799","0.00042718922486528754","0.04274556040763855","0.85252445936203","hold","adjust_angle_and_rescan","0.0846756175160408","0.0003219691279809922","0.031083770096302032","0.8839185237884521"
"TEST_0060","TEST_0060","acceptable","acceptable","0.9840318560600281","0.014047818258404732","0.0019202784169465303","absent","absent","0.0008241671603173018","0.0032764647621661425","0.995703399181366","0.0001960266090463847","no","no","0.0019055531593039632","0.0077384840697050095","0.9903559684753418","thyroid_not_visible","thyroid_not_visible","0.0007583154947496951","0.0018875569803640246","0.9923883080482483","0.00496583990752697","reacquire_target","reacquire_target","0.001014535897411406","0.0020817529875785112","0.9912620782852173","0.005641580559313297"
"TEST_0061","TEST_0061","limited","limited","0.07228593528270721","0.8920373916625977","0.03567669540643692","partial","partial","0.015862632542848587","0.805580198764801","0.12265194207429886","0.05590522661805153","candidate","candidate","0.01412241067737341","0.7942575812339783","0.19162002205848694","target_incomplete","target_incomplete","0.01738697662949562","0.03820459544658661","0.12802700698375702","0.8163813948631287","adjust_angle_and_rescan","adjust_angle_and_rescan","0.018399912863969803","0.033912137150764465","0.1132369264960289","0.8344509601593018"
"TEST_0062","TEST_0062","acceptable","acceptable","0.9852868318557739","0.01283891312777996","0.0018742633983492851","absent","absent","0.0008067474700510502","0.002985847182571888","0.9960235357284546","0.0001837999589042738","no","no","0.0019169867737218738","0.007267119362950325","0.9908158779144287","thyroid_not_visible","thyroid_not_visible","0.0007798686856403947","0.0018972510006278753","0.9926092028617859","0.0047136032953858376","reacquire_target","reacquire_target","0.0010146816493943334","0.0020257174037396908","0.9917542934417725","0.005205192137509584"
"TEST_0063","TEST_0063","limited","limited","0.08624564856290817","0.9127681851387024","0.0009861148428171873","partial","partial","0.05186666548252106","0.8998822569847107","0.04506945237517357","0.003181628417223692","candidate","candidate","0.0428321473300457","0.9294240474700928","0.027743790298700333","target_incomplete","target_incomplete","0.052889809012413025","0.00084972835611552","0.057867709547281265","0.8883926868438721","adjust_angle_and_rescan","adjust_angle_and_rescan","0.0459054633975029","0.0006661474471911788","0.04510517418384552","0.9083231687545776"
"TEST_0064","TEST_0064","acceptable","acceptable","0.9852918386459351","0.012834803201258183","0.0018734363839030266","absent","absent","0.0008067574817687273","0.002985435537993908","0.9960240125656128","0.00018371749320067465","no","no","0.0019173311302438378","0.0072683412581682205","0.9908142685890198","thyroid_not_visible","thyroid_not_visible","0.0007797103025950491","0.0018961267778649926","0.9926129579544067","0.004711178131401539","reacquire_target","reacquire_target","0.001014447072520852","0.0020245867781341076","0.9917581677436829","0.005202716216444969"
"TEST_0065","TEST_0065","limited","limited","0.08975134789943695","0.9093165397644043","0.0009321270626969635","partial","partial","0.05316656827926636","0.8990111351013184","0.044793568551540375","0.0030287837143987417","candidate","candidate","0.043538350611925125","0.9300697445869446","0.02639184333384037","target_incomplete","target_incomplete","0.054453324526548386","0.0007899445481598377","0.05773196741938591","0.8870247602462769","adjust_angle_and_rescan","adjust_angle_and_rescan","0.048407722264528275","0.0006248538265936077","0.046086423099040985","0.904880940914154"
"TEST_0066","TEST_0066","limited","limited","0.14899858832359314","0.8504828214645386","0.0005186533671803772","partial","partial","0.09206398576498032","0.8521062135696411","0.054020099341869354","0.001809776877053082","candidate","candidate","0.08710037171840668","0.8840535283088684","0.02884608693420887","target_incomplete","target_incomplete","0.09784293174743652","0.00044295829138718545","0.07026216387748718","0.831451952457428","adjust_angle_and_rescan","adjust_angle_and_rescan","0.08850942552089691","0.00034741972922347486","0.055686596781015396","0.8554565906524658"
"TEST_0067","TEST_0067","unacceptable","acceptable","0.9167611002922058","0.033303722739219666","0.04993520304560661","uncertain","absent","0.0002968376793432981","0.0023148893378674984","0.9962294697761536","0.0011587938060984015","no","no","0.0004078349156770855","0.0024164814967662096","0.9971756935119629","severe_artifact","thyroid_not_visible","0.0005902157281525433","0.04404555633664131","0.947698712348938","0.00766552472487092","repeat_acquisition","reacquire_target","0.0005861521349288523","0.035537220537662506","0.9563480615615845","0.007528596557676792"
"TEST_0068","TEST_0068","limited","limited","0.09245038777589798","0.9067361950874329","0.0008134447271004319","partial","partial","0.067100390791893","0.8910073637962341","0.03930019959807396","0.002592034637928009","candidate","candidate","0.05774732306599617","0.9184551239013672","0.02379751391708851","target_incomplete","target_incomplete","0.06884109973907471","0.000662449689116329","0.049913156777620316","0.8805832862854004","adjust_angle_and_rescan","adjust_angle_and_rescan","0.05788348987698555","0.0005070857587270439","0.037234120070934296","0.9043752551078796"
"TEST_0069","TEST_0069","acceptable","acceptable","0.9845937490463257","0.013538060709834099","0.0018681908259168267","absent","absent","0.0008146543405018747","0.0031867099460214376","0.9958094358444214","0.00018917227862402797","no","no","0.001906573073938489","0.007619389332830906","0.9904740452766418","thyroid_not_visible","thyroid_not_visible","0.0007525866967625916","0.0018401722190901637","0.9926095604896545","0.004797652829438448","reacquire_target","reacquire_target","0.0010025439551100135","0.0020282859914004803","0.991509199142456","0.005460005719214678"
"TEST_0070","TEST_0070","limited","limited","0.11258307844400406","0.8490757942199707","0.038341131061315536","partial","partial","0.019232427701354027","0.7223775386810303","0.19659021496772766","0.06179983168840408","candidate","candidate","0.017795993015170097","0.657209038734436","0.3249950110912323","target_incomplete","target_incomplete","0.021317562088370323","0.044599052518606186","0.19469980895519257","0.7393836379051208","adjust_angle_and_rescan","adjust_angle_and_rescan","0.022693028673529625","0.04173801466822624","0.1863056868314743","0.7492632865905762"
"TEST_0071","TEST_0071","limited","limited","0.09892068058252335","0.9002562761306763","0.0008230157545767725","partial","partial","0.06155482307076454","0.8897299766540527","0.04601820558309555","0.002697048708796501","candidate","candidate","0.05324302241206169","0.9190830588340759","0.02767390012741089","target_incomplete","target_incomplete","0.06424670666456223","0.0007071361760608852","0.05899181216955185","0.8760544061660767","adjust_angle_and_rescan","adjust_angle_and_rescan","0.055298201739788055","0.0005505873123183846","0.04599202051758766","0.8981592655181885"
"TEST_0072","TEST_0072","acceptable","acceptable","0.9836878776550293","0.014422916807234287","0.00188927398994565","absent","absent","0.0008473146590404212","0.00339652132242918","0.9955573678016663","0.00019874918507412076","no","no","0.0019478662870824337","0.00804088544100523","0.9900112748146057","thyroid_not_visible","thyroid_not_visible","0.0007647671736776829","0.0018605582881718874","0.9922652244567871","0.005109546240419149","reacquire_target","reacquire_target","0.0010362797183915973","0.002066258806735277","0.9910616278648376","0.005835923366248608"
"TEST_0073","TEST_0073","acceptable","acceptable","0.9852710962295532","0.012858944945037365","0.0018699405482038856","absent","absent","0.000813270453363657","0.0029871691949665546","0.9960151314735413","0.0001843969221226871","no","no","0.0019294633530080318","0.007281214464455843","0.9907893538475037","thyroid_not_visible","thyroid_not_visible","0.0007877908647060394","0.0019048290560021996","0.9925514459609985","0.004755896050482988","reacquire_target","reacquire_target","0.001024438301101327","0.002022956497967243","0.9917278289794922","0.005224867258220911"
"TEST_0074","TEST_0074","limited","limited","0.13042859733104706","0.8688937425613403","0.0006776612135581672","partial","partial","0.0741363987326622","0.8691312670707703","0.05444853752851486","0.002283880952745676","candidate","candidate","0.06760456413030624","0.901526153087616","0.03086927719414234","target_incomplete","target_incomplete","0.07839368283748627","0.000583653396461159","0.06979450583457947","0.8512281179428101","adjust_angle_and_rescan","adjust_angle_and_rescan","0.071165069937706","0.0004638578975573182","0.05660655349493027","0.8717644810676575"
"TEST_0075","TEST_0075","limited","limited","0.1465081423521042","0.8529394268989563","0.0005523872096091509","partial","partial","0.10301188379526138","0.8493154644966125","0.045892465859651566","0.0017802354414016008","candidate","candidate","0.09701939672231674","0.8779738545417786","0.025006720796227455","target_incomplete","target_incomplete","0.1118888184428215","0.0004348635848145932","0.05716719478368759","0.8305091857910156","adjust_angle_and_rescan","adjust_angle_and_rescan","0.09780754148960114","0.0003361871640663594","0.045880671590566635","0.8559756278991699"
"TEST_0076","TEST_0076","acceptable","limited","0.32299306988716125","0.6681787967681885","0.008828114718198776","absent","absent","0.011436676606535912","0.39861246943473816","0.5696816444396973","0.020269228145480156","no","no","0.0069276015274226665","0.46077960729599","0.5322928428649902","thyroid_not_visible","thyroid_not_visible","0.006327411159873009","0.00790188368409872","0.654982328414917","0.33078834414482117","reacquire_target","reacquire_target","0.0065958392806351185","0.00830530934035778","0.6376433968544006","0.34745553135871887"
"TEST_0077","TEST_0077","limited","limited","0.06895117461681366","0.9300037622451782","0.001045040669851005","partial","partial","0.05228462442755699","0.9073944091796875","0.03706428408622742","0.003256650408729911","candidate","candidate","0.04328954219818115","0.9331844449043274","0.023526040837168694","target_incomplete","target_incomplete","0.05124426260590553","0.0008639679290354252","0.045957472175359726","0.9019343256950378","adjust_angle_and_rescan","adjust_angle_and_rescan","0.04243120551109314","0.0006642774096690118","0.03234419971704483","0.9245603084564209"
"TEST_0078","TEST_0078","limited","limited","0.08156459778547287","0.9173394441604614","0.0010958942584693432","partial","partial","0.05038660392165184","0.9008007645606995","0.04531262442469597","0.0034999391064047813","candidate","candidate","0.041728392243385315","0.9291691780090332","0.02910243533551693","target_incomplete","target_incomplete","0.05115479230880737","0.0009582074708305299","0.0575568787753582","0.8903301358222961","adjust_angle_and_rescan","adjust_angle_and_rescan","0.04364769905805588","0.0007446493254974484","0.043860942125320435","0.9117467403411865"
"TEST_0079","TEST_0079","unacceptable","unacceptable","8.39287749840878e-05","0.00016977943596430123","0.9997462630271912","uncertain","uncertain","8.906998118618503e-05","0.0004420668992679566","0.0035406439565122128","0.9959282279014587","no","no","0.0014356115134432912","0.0033213654533028603","0.9952430129051208","severe_artifact","severe_artifact","1.5397166862385347e-05","0.9996284246444702","0.0002500113914720714","0.00010623203706927598","repeat_acquisition","repeat_acquisition","1.2047146810800768e-05","0.9997839331626892","0.00014771337737329304","5.6349614169448614e-05"
"TEST_0080","TEST_0080","unacceptable","unacceptable","8.34202510304749e-05","0.00016915565356612206","0.9997474551200867","uncertain","uncertain","8.891025208868086e-05","0.000439137511420995","0.003494338132441044","0.9959775805473328","no","no","0.001448764349333942","0.0033317941706627607","0.9952195286750793","severe_artifact","severe_artifact","1.5440615243278444e-05","0.9996302127838135","0.00024836446391418576","0.00010591771570034325","repeat_acquisition","repeat_acquisition","1.207090917887399e-05","0.9997851252555847","0.00014671156532131135","5.615125337499194e-05"
"TEST_0081","TEST_0081","limited","limited","0.2759227454662323","0.7218005061149597","0.002276743296533823","partial","partial","0.21136392652988434","0.7257897853851318","0.05808098241686821","0.004765295889228582","candidate","candidate","0.23916049301624298","0.7122544050216675","0.04858512431383133","target_incomplete","target_incomplete","0.21405921876430511","0.0013831905089318752","0.05428444594144821","0.7302731275558472","adjust_angle_and_rescan","adjust_angle_and_rescan","0.22144906222820282","0.0011685690842568874","0.0498049259185791","0.7275773882865906"
"TEST_0082","TEST_0082","acceptable","limited","0.25288641452789307","0.7468326687812805","0.00028091861167922616","adequate","partial","0.22600260376930237","0.7370020151138306","0.036183834075927734","0.0008115612436085939","yes","candidate","0.22385336458683014","0.7613949775695801","0.014751631766557693","none","target_incomplete","0.2537243664264679","0.0001679499400779605","0.04346504807472229","0.7026426196098328","hold","adjust_angle_and_rescan","0.2288178950548172","0.00012873417290393263","0.03704144433140755","0.7340118885040283"
"TEST_0083","TEST_0083","acceptable","limited","0.45289766788482666","0.5468602776527405","0.0002420105884084478","adequate","adequate","0.5269469022750854","0.4523791968822479","0.02022654004395008","0.00044737927964888513","yes","yes","0.5417514443397522","0.4507408142089844","0.00750775309279561","none","none","0.561942994594574","8.111417992040515e-05","0.023586764931678772","0.41438913345336914","hold","hold","0.5093274116516113","6.662434316240251e-05","0.02186731807887554","0.4687386155128479"
"TEST_0084","TEST_0084","limited","limited","0.09513220191001892","0.8978378176689148","0.007029988337308168","partial","partial","0.032793961465358734","0.8690434694290161","0.08352559059858322","0.014636988751590252","candidate","candidate","0.030811788514256477","0.8757349252700806","0.09345323592424393","target_incomplete","target_incomplete","0.03444458916783333","0.006440115161240101","0.09117090702056885","0.8679444193840027","adjust_angle_and_rescan","adjust_angle_and_rescan","0.03483081981539726","0.005704617593437433","0.07871837168931961","0.8807461857795715"
"TEST_0085","TEST_0085","acceptable","limited","0.32663822174072266","0.6730674505233765","0.00029434930183924735","adequate","partial","0.38372063636779785","0.5921758413314819","0.023467911407351494","0.0006356206140480936","yes","candidate","0.3956525921821594","0.5943091511726379","0.010038244538009167","none","target_incomplete","0.41344115138053894","0.00012582665658555925","0.028075208887457848","0.558357834815979","hold","adjust_angle_and_rescan","0.3562443256378174","9.878385026240721e-05","0.023758800700306892","0.6198980808258057"
"TEST_0086","TEST_0086","limited","limited","0.24663186073303223","0.7530825138092041","0.0002856262435670942","partial","partial","0.21795839071273804","0.7445498108863831","0.03665821999311447","0.0008336319588124752","candidate","candidate","0.21527409553527832","0.7696421146392822","0.015083798207342625","target_incomplete","target_incomplete","0.24452725052833557","0.00017339411715511233","0.04409835860133171","0.7112010717391968","adjust_angle_and_rescan","adjust_angle_and_rescan","0.2202882021665573","0.00013297477562446147","0.0374511256814003","0.7421277165412903"
"TEST_0087","TEST_0087","limited","limited","0.32207685708999634","0.6776131391525269","0.0003099823370575905","partial","partial","0.2645690143108368","0.6867536306381226","0.04778195917606354","0.0008954128716140985","candidate","candidate","0.27711692452430725","0.7024239301681519","0.020459117367863655","target_incomplete","target_incomplete","0.29885032773017883","0.00019405638158787042","0.0550684779882431","0.6458871364593506","adjust_angle_and_rescan","adjust_angle_and_rescan","0.2788247764110565","0.00015002148575149477","0.048708487302064896","0.6723167300224304"
"TEST_0088","TEST_0088","limited","limited","0.19893881678581238","0.8006488084793091","0.0004124146362300962","partial","partial","0.12069542706012726","0.8166376352310181","0.06121725216507912","0.0014496147632598877","candidate","candidate","0.12235310673713684","0.8457927703857422","0.031854093074798584","target_incomplete","target_incomplete","0.1314433068037033","0.0003563447098713368","0.081069216132164","0.7871310710906982","adjust_angle_and_rescan","adjust_angle_and_rescan","0.12187042087316513","0.0002796526823658496","0.06477899104356766","0.8130708932876587"
"TEST_0089","TEST_0089","limited","limited","0.11704260110855103","0.8823291063308716","0.0006282973918132484","partial","partial","0.08463570475578308","0.8725200891494751","0.04090561345219612","0.0019386032363399863","candidate","candidate","0.07887054979801178","0.8983595371246338","0.022769955918192863","target_incomplete","target_incomplete","0.09075198322534561","0.0004885517992079258","0.05069567635655403","0.858063817024231","adjust_angle_and_rescan","adjust_angle_and_rescan","0.07810093462467194","0.00038277250132523477","0.038962628692388535","0.8825536370277405"
"TEST_0090","TEST_0090","unacceptable","unacceptable","8.31768848001957e-05","0.00016885077639017254","0.9997479319572449","uncertain","uncertain","8.883420377969742e-05","0.00043773811194114387","0.003472383599728346","0.9960009455680847","no","no","0.0014551255153492093","0.003336795838549733","0.9952080845832825","severe_artifact","severe_artifact","1.546133353258483e-05","0.9996311664581299","0.0002475731889717281","0.00010576409113127738","repeat_acquisition","repeat_acquisition","1.2082135071977973e-05","0.9997857213020325","0.00014622890739701688","5.6054763263091445e-05"
"TEST_0091","TEST_0091","unacceptable","unacceptable","8.52768644108437e-05","0.00017149001359939575","0.9997431635856628","uncertain","uncertain","8.959671686170623e-05","0.00044939760118722916","0.0036517318803817034","0.9958091974258423","no","no","0.001407535863108933","0.0032998842652887106","0.9952926635742188","severe_artifact","severe_artifact","1.5337060176534578e-05","0.9996232986450195","0.0002541977446526289","0.00010718491830630228","repeat_acquisition","repeat_acquisition","1.2021229849779047e-05","0.9997808337211609","0.00015027735207695514","5.6904864322859794e-05"
"TEST_0092","TEST_0092","unacceptable","unacceptable","8.334018639288843e-05","0.00016905214579310268","0.9997476935386658","uncertain","uncertain","8.888669253792614e-05","0.00043867836939170957","0.0034871362149715424","0.9959852695465088","no","no","0.001450866344384849","0.00333329476416111","0.995215892791748","severe_artifact","severe_artifact","1.544730730529409e-05","0.9996305704116821","0.0002480977855157107","0.00010586332064121962","repeat_acquisition","repeat_acquisition","1.2074457117705606e-05","0.9997852444648743","0.00014655037375632674","5.611774395219982e-05"
"TEST_0093","TEST_0093","limited","limited","0.11478088796138763","0.8846530914306641","0.0005659581511281431","partial","partial","0.09063641726970673","0.8671712279319763","0.04036429151892662","0.0018280366202816367","candidate","candidate","0.08642367273569107","0.8904135227203369","0.023162787780165672","target_incomplete","target_incomplete","0.09407742321491241","0.0004535195475909859","0.05126507952809334","0.8542039394378662","adjust_angle_and_rescan","adjust_angle_and_rescan","0.07869994640350342","0.0003476971760392189","0.036881979554891586","0.8840703964233398"
"TEST_0094","TEST_0094","unacceptable","unacceptable","8.324004738824442e-05","0.00016892343410290778","0.9997479319572449","uncertain","uncertain","8.885891293175519e-05","0.00043809961061924696","0.0034780597779899836","0.9959949254989624","no","no","0.0014535613590851426","0.0033353252802044153","0.9952111840248108","severe_artifact","severe_artifact","1.545631675980985e-05","0.9996309280395508","0.00024776707869023085","0.00010579856461845338","repeat_acquisition","repeat_acquisition","1.2079321095370688e-05","0.9997854828834534","0.00014634858234785497","5.607656203210354e-05"
"TEST_0095","TEST_0095","unacceptable","unacceptable","8.360283391084522e-05","0.00016939238412305713","0.999747097492218","uncertain","uncertain","8.899545355234295e-05","0.00044005303061567247","0.003507391782477498","0.9959635734558105","no","no","0.0014456479111686349","0.0033296451438218355","0.9952247142791748","severe_artifact","severe_artifact","1.543954567750916e-05","0.9996296167373657","0.0002489160979166627","0.00010606401338009164","repeat_acquisition","repeat_acquisition","1.2072239769622684e-05","0.9997846484184265","0.00014704474597238004","5.622940807370469e-05"
"TEST_0096","TEST_0096","unacceptable","unacceptable","8.346607501152903e-05","0.00016921338101383299","0.9997473359107971","uncertain","uncertain","8.892266487237066e-05","0.00043939659371972084","0.0034984708763659","0.9959731698036194","no","no","0.0014475315110757947","0.003330816514790058","0.9952216744422913","severe_artifact","severe_artifact","1.5436564353876747e-05","0.9996300935745239","0.00024851656053215265","0.00010594740160740912","repeat_acquisition","repeat_acquisition","1.2068721844116226e-05","0.9997850060462952","0.00014680434833280742","5.616950511466712e-05"
"TEST_0097","TEST_0097","unacceptable","unacceptable","8.368010458070785e-05","0.00016945827519521117","0.9997468590736389","uncertain","uncertain","8.89956354512833e-05","0.00044062084634788334","0.003518030047416687","0.9959523677825928","no","no","0.0014420533552765846","0.003326090518385172","0.9952318072319031","severe_artifact","severe_artifact","1.5418218026752584e-05","0.9996292591094971","0.0002491932245902717","0.00010606883733998984","repeat_acquisition","repeat_acquisition","1.2058395441272296e-05","0.999784529209137","0.0001472147851018235","5.6246186431963e-05"
"TEST_0098","TEST_0098","unacceptable","unacceptable","8.353972225449979e-05","0.00016929840785451233","0.999747097492218","uncertain","uncertain","8.894676284398884e-05","0.00043983242358081043","0.003505406202748418","0.9959657192230225","no","no","0.0014455695636570454","0.0033292153384536505","0.9952253103256226","severe_artifact","severe_artifact","1.5429406630573794e-05","0.9996298551559448","0.0002487519523128867","0.00010598769586067647","repeat_acquisition","repeat_acquisition","1.2064680049661547e-05","0.9997847676277161","0.00014694621495436877","5.619638614007272e-05"
"TEST_0099","TEST_0099","unacceptable","unacceptable","8.425238047493622e-05","0.0001701935107121244","0.9997455477714539","uncertain","uncertain","8.918803359847516e-05","0.0004438806790858507","0.003568196902051568","0.9958986639976501","no","no","0.0014283140189945698","0.0033159274607896805","0.9952556490898132","severe_artifact","severe_artifact","1.5378640455310233e-05","0.9996271133422852","0.0002510261838324368","0.0001064558164216578","repeat_acquisition","repeat_acquisition","1.203796000481816e-05","0.9997830986976624","0.00014833564637228847","5.648401929647662e-05"
"TEST_0100","TEST_0100","unacceptable","unacceptable","8.326972601935267e-05","0.0001689694618107751","0.9997476935386658","uncertain","uncertain","8.886864816304296e-05","0.00043823939631693065","0.003480000188574195","0.99599289894104","no","no","0.0014530470361933112","0.0033352854661643505","0.995211660861969","severe_artifact","severe_artifact","1.5456549590453506e-05","0.9996308088302612","0.0002478688838891685","0.00010583064431557432","repeat_acquisition","repeat_acquisition","1.207995319418842e-05","0.9997853636741638","0.00014640844892710447","5.6093354942277074e-05"
